{
  "stage1": {
    "accuracy": [
      0.28896912932395935,
      0.37612050771713257,
      0.38832172751426697,
      0.38234561681747437,
      0.40151891112327576,
      0.3942978084087372,
      0.4068725109100342,
      0.3974103629589081
    ],
    "loss": [
      1.7311081886291504,
      1.5751745700836182,
      1.5531741380691528,
      1.543382167816162,
      1.512489676475525,
      1.5128339529037476,
      1.4977176189422607,
      1.5003106594085693
    ],
    "val_accuracy": [
      0.24475523829460144,
      0.22477522492408752,
      0.360639363527298,
      0.25974026322364807,
      0.3216783106327057,
      0.3276723325252533,
      0.3046953082084656,
      0.29870128631591797
    ],
    "val_loss": [
      1.6271337270736694,
      1.6848535537719727,
      1.5492404699325562,
      1.6261261701583862,
      1.5664474964141846,
      1.5397262573242188,
      1.5533251762390137,
      1.5809893608093262
    ],
    "learning_rate": [
      0.0010000000474974513,
      0.0010000000474974513,
      0.0010000000474974513,
      0.0010000000474974513,
      0.0010000000474974513,
      0.0010000000474974513,
      0.0010000000474974513,
      0.0010000000474974513
    ]
  },
  "stage2": {
    "accuracy": [
      0.39828187227249146,
      0.4656374454498291,
      0.49228087067604065,
      0.5054780840873718,
      0.5338645577430725,
      0.5290089845657349,
      0.5530378222465515,
      0.5628734827041626,
      0.588396430015564,
      0.605951189994812,
      0.6140438318252563,
      0.6145418286323547,
      0.6221364736557007,
      0.6264940500259399,
      0.6390687227249146,
      0.6395667195320129,
      0.6259959936141968,
      0.631847620010376,
      0.623381495475769,
      0.6338396668434143,
      0.6401892304420471,
      0.6349601745605469,
      0.6404382586479187,
      0.6383216977119446,
      0.6360806822776794,
      0.648530900478363,
      0.6528884172439575,
      0.6421812772750854
    ],
    "loss": [
      1.5960547924041748,
      1.3763313293457031,
      1.3141694068908691,
      1.2773290872573853,
      1.2144275903701782,
      1.2084083557128906,
      1.1543052196502686,
      1.1316099166870117,
      1.056498408317566,
      1.0199946165084839,
      1.007921814918518,
      1.0014431476593018,
      0.9845815896987915,
      0.9799342751502991,
      0.9572247266769409,
      0.9524655938148499,
      0.9610825181007385,
      0.9614986181259155,
      0.9600931406021118,
      0.9572139978408813,
      0.9521991610527039,
      0.9497947096824646,
      0.9445717334747314,
      0.9484550356864929,
      0.9409717321395874,
      0.9246236085891724,
      0.9175715446472168,
      0.9374238848686218
    ],
    "val_accuracy": [
      0.19680319726467133,
      0.1568431556224823,
      0.20779220759868622,
      0.6433566212654114,
      0.5994005799293518,
      0.41858142614364624,
      0.5954046249389648,
      0.4625374674797058,
      0.6353646516799927,
      0.5914086103439331,
      0.649350643157959,
      0.6553446650505066,
      0.6623376607894897,
      0.6353646516799927,
      0.6143856048583984,
      0.6623376607894897,
      0.6623376607894897,
      0.6503496766090393,
      0.6633366346359253,
      0.6803196668624878,
      0.6593406796455383,
      0.64035964012146,
      0.6803196668624878,
      0.6733266711235046,
      0.6753246784210205,
      0.6753246784210205,
      0.6553446650505066,
      0.6773226857185364
    ],
    "val_loss": [
      1.6747978925704956,
      1.7895787954330444,
      1.6816506385803223,
      0.9624423384666443,
      1.0857359170913696,
      1.4293622970581055,
      1.1132078170776367,
      1.3706947565078735,
      1.0182687044143677,
      1.1244587898254395,
      0.9772391319274902,
      0.9835538268089294,
      0.9599006175994873,
      1.0221306085586548,
      1.0676368474960327,
      0.9562102556228638,
      0.9425675868988037,
      0.9988009333610535,
      0.947300136089325,
      0.9123949408531189,
      0.9652217626571655,
      1.0146598815917969,
      0.9167345762252808,
      0.9310945868492126,
      0.9287385940551758,
      0.9193798899650574,
      0.969007134437561,
      0.920537531375885
    ],
    "learning_rate": [
      9.999999747378752e-05,
      9.999999747378752e-05,
      9.999999747378752e-05,
      9.999999747378752e-05,
      9.999999747378752e-05,
      9.999999747378752e-05,
      9.999999747378752e-05,
      9.999999747378752e-05,
      1.9999999494757503e-05,
      1.9999999494757503e-05,
      1.9999999494757503e-05,
      1.9999999494757503e-05,
      3.999999989900971e-06,
      3.999999989900971e-06,
      3.999999989900971e-06,
      3.999999989900971e-06,
      3.999999989900971e-06,
      3.999999989900971e-06,
      3.999999989900971e-06,
      3.999999989900971e-06,
      3.999999989900971e-06,
      3.999999989900971e-06,
      3.999999989900971e-06,
      3.999999989900971e-06,
      9.999999974752427e-07,
      9.999999974752427e-07,
      9.999999974752427e-07,
      9.999999974752427e-07
    ]
  }
}