{
  "accuracy": [
    0.22559760510921478,
    0.387201189994812,
    0.4965139329433441,
    0.5404631495475769,
    0.5780627727508545,
    0.5897659659385681,
    0.5977340340614319,
    0.6237549781799316,
    0.6332171559333801,
    0.649402379989624,
    0.6617280840873718,
    0.6563745141029358,
    0.6706922054290771,
    0.6787848472595215,
    0.6926046013832092,
    0.6847609281539917,
    0.6959661245346069,
    0.7056772708892822,
    0.7188745141029358,
    0.7237300872802734,
    0.729332685470581,
    0.7354332804679871,
    0.7329432368278503,
    0.7465139627456665,
    0.742405354976654,
    0.7618277072906494,
    0.7643177509307861,
    0.7700448036193848,
    0.769795835018158,
    0.7724103331565857,
    0.7867280840873718,
    0.7788844704627991,
    0.7747759222984314,
    0.7838645577430725,
    0.7826195359230042,
    0.7837400436401367,
    0.7791334390640259,
    0.782868504524231,
    0.785732090473175,
    0.7791334390640259
  ],
  "loss": [
    1.9111417531967163,
    1.5592166185379028,
    1.313486933708191,
    1.1946645975112915,
    1.1162211894989014,
    1.0723563432693481,
    1.0436503887176514,
    0.9881746172904968,
    0.9679729342460632,
    0.9323871731758118,
    0.9077085256576538,
    0.8937520384788513,
    0.8777461647987366,
    0.8513436913490295,
    0.8151913285255432,
    0.8248496651649475,
    0.8041530251502991,
    0.7813771367073059,
    0.7453739047050476,
    0.7281613945960999,
    0.7296624779701233,
    0.7151709198951721,
    0.6940919756889343,
    0.6776694059371948,
    0.6780860424041748,
    0.6279172301292419,
    0.6151050329208374,
    0.6122084259986877,
    0.6167120933532715,
    0.6097661852836609,
    0.5823360085487366,
    0.5810865163803101,
    0.5897921323776245,
    0.5813108086585999,
    0.5796198844909668,
    0.571119487285614,
    0.5649387240409851,
    0.5697356462478638,
    0.5636373162269592,
    0.5694292187690735
  ],
  "val_accuracy": [
    0.05994005873799324,
    0.13286712765693665,
    0.3326673209667206,
    0.4205794334411621,
    0.478521466255188,
    0.4565434455871582,
    0.4655344784259796,
    0.48551449179649353,
    0.5624375343322754,
    0.5634365677833557,
    0.5834165811538696,
    0.6053946018218994,
    0.5694305896759033,
    0.5614385604858398,
    0.6423576474189758,
    0.6253746151924133,
    0.6323676109313965,
    0.658341646194458,
    0.6393606662750244,
    0.6353646516799927,
    0.6663336753845215,
    0.6343656182289124,
    0.6443556547164917,
    0.6423576474189758,
    0.6313686370849609,
    0.6593406796455383,
    0.6793206930160522,
    0.6623376607894897,
    0.6823176741600037,
    0.6803196668624878,
    0.6863136887550354,
    0.6913086771965027,
    0.6643356680870056,
    0.6773226857185364,
    0.687312662601471,
    0.6613386869430542,
    0.6713286638259888,
    0.6733266711235046,
    0.6783216595649719,
    0.676323652267456
  ],
  "val_loss": [
    2.039996862411499,
    2.449674606323242,
    1.801189661026001,
    1.585000991821289,
    1.4449348449707031,
    1.4808357954025269,
    1.628952980041504,
    1.5164157152175903,
    1.3877699375152588,
    1.3648003339767456,
    1.2178747653961182,
    1.103782296180725,
    1.1374632120132446,
    1.2360725402832031,
    1.019391417503357,
    1.0478726625442505,
    0.9651628732681274,
    0.9537459015846252,
    0.9693995118141174,
    0.9966062307357788,
    0.9372106790542603,
    0.9938710927963257,
    1.0004940032958984,
    1.019247055053711,
    1.0103167295455933,
    0.9247419834136963,
    0.9131661057472229,
    0.9308988451957703,
    0.913174569606781,
    0.8861678242683411,
    0.9090079069137573,
    0.8840107321739197,
    0.9528380036354065,
    0.9068726897239685,
    0.9138180017471313,
    0.9190810322761536,
    0.9004491567611694,
    0.8904966711997986,
    0.8925470113754272,
    0.897889256477356
  ],
  "learning_rate": [
    9.999999747378752e-05,
    9.999999747378752e-05,
    9.999999747378752e-05,
    9.999999747378752e-05,
    9.999999747378752e-05,
    9.999999747378752e-05,
    9.999999747378752e-05,
    9.999999747378752e-05,
    9.999999747378752e-05,
    9.999999747378752e-05,
    9.999999747378752e-05,
    9.999999747378752e-05,
    9.999999747378752e-05,
    9.999999747378752e-05,
    9.999999747378752e-05,
    9.999999747378752e-05,
    9.999999747378752e-05,
    9.999999747378752e-05,
    9.999999747378752e-05,
    9.999999747378752e-05,
    9.999999747378752e-05,
    9.999999747378752e-05,
    9.999999747378752e-05,
    9.999999747378752e-05,
    9.999999747378752e-05,
    1.9999999494757503e-05,
    1.9999999494757503e-05,
    1.9999999494757503e-05,
    1.9999999494757503e-05,
    1.9999999494757503e-05,
    1.9999999494757503e-05,
    1.9999999494757503e-05,
    1.9999999494757503e-05,
    1.9999999494757503e-05,
    1.9999999494757503e-05,
    1.9999999494757503e-05,
    3.999999989900971e-06,
    3.999999989900971e-06,
    3.999999989900971e-06,
    3.999999989900971e-06
  ]
}